{"cameraMode":{"drawMode":0,"name":"Shaded","section":"Shading Mode"},"sceneLighting":true,"audioPlay":false,"sceneViewState":{"showFog":true,"showMaterialUpdate":false,"showSkybox":true,"showFlares":true,"showImageEffects":true,"showParticleSystems":true},"in2DMode":false,"pivot":{"x":72.799560546875,"y":9.911865234375,"z":33.27294921875},"rotation":{"x":0.16050927340984345,"y":-0.19260701537132264,"z":0.03195544332265854,"w":0.9675381779670715},"size":619.883544921875,"orthographic":true}